metric_time__month,arr
2025-10-01 00:00:00,18000000
2025-11-01 00:00:00,20400000
2025-12-01 00:00:00,20400000
2026-01-01 00:00:00,21480000
2026-02-01 00:00:00,23880000
2026-03-01 00:00:00,24420000
2026-04-01 00:00:00,29220000
2026-05-01 00:00:00,46020000
2026-06-01 00:00:00,50820000
2026-07-01 00:00:00,74820000
2026-08-01 00:00:00,93420000
2026-09-01 00:00:00,95820000
2026-10-01 00:00:00,119220000
2026-11-01 00:00:00,137820000
2026-12-01 00:00:00,140820000
2027-01-01 00:00:00,158820000
2027-02-01 00:00:00,161820000
2027-03-01 00:00:00,179820000
2027-04-01 00:00:00,180420000
2027-05-01 00:00:00,183420000
2027-06-01 00:00:00,183420000
2027-07-01 00:00:00,201420000
2027-08-01 00:00:00,201420000
2027-09-01 00:00:00,202020000
2027-10-01 00:00:00,202020000
2027-11-01 00:00:00,202020000
2027-12-01 00:00:00,202020000
