metric_time__week,mql_to_sql_conv,sql_to_won_conv,mql_to_won_conv,activation_rate
2025-09-29 00:00:00,,,,0.0
2025-10-13 00:00:00,0.0,,0.0,
2025-11-17 00:00:00,,0.0,,0.0
2025-12-01 00:00:00,,,,
2025-12-08 00:00:00,,,,0.0
2025-12-29 00:00:00,,,,0.0
2026-01-05 00:00:00,0.0,,0.0,0.0
2026-01-12 00:00:00,,,,0.0
2026-01-19 00:00:00,,0.0,,0.0
2026-01-26 00:00:00,,,,
2026-02-09 00:00:00,,,,1.0
2026-02-16 00:00:00,,,,1.0
2026-02-23 00:00:00,,0.0,,
2026-03-16 00:00:00,,,,
2026-03-30 00:00:00,,,,
2026-05-25 00:00:00,,,,
2026-07-13 00:00:00,,,,
2026-08-31 00:00:00,,,,
2026-09-14 00:00:00,,,,
