cohort_arr_row__cohort_month__month,metric_time__month,logo_retention
2025-10-01 00:00:00,2025-10-01 00:00:00,1.0
2025-10-01 00:00:00,2025-11-01 00:00:00,1.0
2025-11-01 00:00:00,2025-11-01 00:00:00,1.0
2025-11-01 00:00:00,2025-12-01 00:00:00,1.0
2025-10-01 00:00:00,2025-12-01 00:00:00,1.0
2025-11-01 00:00:00,2026-01-01 00:00:00,1.0
2025-10-01 00:00:00,2026-01-01 00:00:00,1.0
2026-01-01 00:00:00,2026-01-01 00:00:00,1.0
2026-01-01 00:00:00,2026-02-01 00:00:00,1.0
2026-02-01 00:00:00,2026-02-01 00:00:00,1.0
2025-11-01 00:00:00,2026-02-01 00:00:00,1.0
2025-10-01 00:00:00,2026-02-01 00:00:00,1.0
2026-03-01 00:00:00,2026-03-01 00:00:00,1.0
2025-10-01 00:00:00,2026-03-01 00:00:00,1.0
2026-02-01 00:00:00,2026-03-01 00:00:00,1.0
2025-11-01 00:00:00,2026-03-01 00:00:00,1.0
2026-01-01 00:00:00,2026-03-01 00:00:00,1.0
2026-04-01 00:00:00,2026-04-01 00:00:00,1.0
2026-03-01 00:00:00,2026-04-01 00:00:00,1.0
2026-02-01 00:00:00,2026-04-01 00:00:00,1.0
2025-11-01 00:00:00,2026-04-01 00:00:00,1.0
2025-10-01 00:00:00,2026-04-01 00:00:00,1.0
2026-01-01 00:00:00,2026-04-01 00:00:00,1.0
2025-10-01 00:00:00,2026-05-01 00:00:00,1.0
2026-05-01 00:00:00,2026-05-01 00:00:00,1.0
2026-04-01 00:00:00,2026-05-01 00:00:00,1.0
2025-11-01 00:00:00,2026-05-01 00:00:00,1.0
2026-02-01 00:00:00,2026-05-01 00:00:00,1.0
2026-01-01 00:00:00,2026-05-01 00:00:00,1.0
2026-03-01 00:00:00,2026-05-01 00:00:00,1.0
2026-06-01 00:00:00,2026-06-01 00:00:00,1.0
2026-05-01 00:00:00,2026-06-01 00:00:00,1.0
2026-03-01 00:00:00,2026-06-01 00:00:00,1.0
2026-01-01 00:00:00,2026-06-01 00:00:00,1.0
2025-10-01 00:00:00,2026-06-01 00:00:00,1.0
2025-11-01 00:00:00,2026-06-01 00:00:00,1.0
2026-04-01 00:00:00,2026-06-01 00:00:00,1.0
2026-02-01 00:00:00,2026-06-01 00:00:00,1.0
2026-04-01 00:00:00,2026-07-01 00:00:00,1.0
2026-07-01 00:00:00,2026-07-01 00:00:00,1.0
2025-11-01 00:00:00,2026-07-01 00:00:00,1.0
2025-10-01 00:00:00,2026-07-01 00:00:00,1.0
2026-05-01 00:00:00,2026-07-01 00:00:00,1.0
2026-01-01 00:00:00,2026-07-01 00:00:00,1.0
2026-03-01 00:00:00,2026-07-01 00:00:00,1.0
2026-06-01 00:00:00,2026-07-01 00:00:00,1.0
2026-02-01 00:00:00,2026-07-01 00:00:00,1.0
2026-04-01 00:00:00,2026-08-01 00:00:00,0.5
2026-05-01 00:00:00,2026-08-01 00:00:00,1.0
2026-07-01 00:00:00,2026-08-01 00:00:00,1.0
2026-06-01 00:00:00,2026-08-01 00:00:00,1.0
2026-03-01 00:00:00,2026-08-01 00:00:00,1.0
2026-08-01 00:00:00,2026-08-01 00:00:00,1.0
2026-02-01 00:00:00,2026-08-01 00:00:00,1.0
2025-10-01 00:00:00,2026-08-01 00:00:00,1.0
2026-01-01 00:00:00,2026-08-01 00:00:00,1.0
2025-11-01 00:00:00,2026-08-01 00:00:00,1.0
2026-07-01 00:00:00,2026-09-01 00:00:00,1.0
2026-02-01 00:00:00,2026-09-01 00:00:00,1.0
2025-10-01 00:00:00,2026-09-01 00:00:00,1.0
2026-09-01 00:00:00,2026-09-01 00:00:00,1.0
2026-03-01 00:00:00,2026-09-01 00:00:00,1.0
2026-05-01 00:00:00,2026-09-01 00:00:00,1.0
2026-01-01 00:00:00,2026-09-01 00:00:00,1.0
2025-11-01 00:00:00,2026-09-01 00:00:00,1.0
2026-04-01 00:00:00,2026-09-01 00:00:00,0.5
2026-06-01 00:00:00,2026-09-01 00:00:00,1.0
2026-08-01 00:00:00,2026-09-01 00:00:00,1.0
2026-10-01 00:00:00,2026-10-01 00:00:00,1.0
2026-09-01 00:00:00,2026-10-01 00:00:00,1.0
2026-05-01 00:00:00,2026-10-01 00:00:00,1.0
2026-07-01 00:00:00,2026-10-01 00:00:00,1.0
2026-08-01 00:00:00,2026-10-01 00:00:00,1.0
2026-01-01 00:00:00,2026-10-01 00:00:00,1.0
2025-11-01 00:00:00,2026-10-01 00:00:00,1.0
2026-04-01 00:00:00,2026-10-01 00:00:00,0.5
2026-06-01 00:00:00,2026-10-01 00:00:00,1.0
2026-02-01 00:00:00,2026-10-01 00:00:00,1.0
2026-03-01 00:00:00,2026-10-01 00:00:00,1.0
2025-10-01 00:00:00,2026-10-01 00:00:00,1.0
