metric_time__quarter,team,pipeline_coverage
2026-01-01 00:00:00,EMEA-MM,
2026-01-01 00:00:00,NAMER-ENT,0.0
2026-01-01 00:00:00,EMEA-ENT,0.0
2026-01-01 00:00:00,NAMER-MM,0.0
2026-01-01 00:00:00,APAC-ENT,0.0
2026-01-01 00:00:00,NAMER-SMB,0.0
2026-04-01 00:00:00,EMEA-ENT,
2026-04-01 00:00:00,NAMER-SMB,0.0
2026-04-01 00:00:00,NAMER-MM,0.0
2026-04-01 00:00:00,EMEA-MM,0.0
2026-04-01 00:00:00,APAC-ENT,0.0
2026-04-01 00:00:00,NAMER-ENT,0.0
2026-07-01 00:00:00,APAC-ENT,
2026-07-01 00:00:00,EMEA-MM,0.0
2026-07-01 00:00:00,NAMER-ENT,0.0
2026-07-01 00:00:00,NAMER-MM,
2026-07-01 00:00:00,EMEA-ENT,
2026-07-01 00:00:00,NAMER-SMB,0.0
2026-10-01 00:00:00,EMEA-ENT,
2026-10-01 00:00:00,NAMER-SMB,0.21428571428571427
2026-10-01 00:00:00,NAMER-MM,0.4909090909090909
2026-10-01 00:00:00,APAC-ENT,
2026-10-01 00:00:00,NAMER-ENT,0.36
2026-10-01 00:00:00,EMEA-MM,
2027-01-01 00:00:00,NAMER-ENT,
2027-01-01 00:00:00,APAC-ENT,
2027-01-01 00:00:00,NAMER-MM,
2027-01-01 00:00:00,EMEA-ENT,
2027-01-01 00:00:00,EMEA-MM,
