metric_time__quarter,team,pipeline_coverage_qtd
2026-01-01 00:00:00,NAMER-MM,0.036
2026-01-01 00:00:00,EMEA-MM,
2026-01-01 00:00:00,EMEA-ENT,0.10909090909090909
2026-01-01 00:00:00,NAMER-ENT,0.1176
2026-01-01 00:00:00,APAC-ENT,0.9
2026-01-01 00:00:00,NAMER-SMB,0.0675
2026-04-01 00:00:00,EMEA-MM,0.17142857142857143
2026-04-01 00:00:00,NAMER-ENT,0.06
2026-04-01 00:00:00,NAMER-MM,0.13333333333333333
2026-04-01 00:00:00,APAC-ENT,0.6545454545454545
2026-04-01 00:00:00,NAMER-SMB,0.48
2026-04-01 00:00:00,EMEA-ENT,
2026-07-01 00:00:00,NAMER-MM,
2026-07-01 00:00:00,NAMER-SMB,1.75
2026-07-01 00:00:00,EMEA-ENT,
2026-07-01 00:00:00,NAMER-ENT,0.6857142857142857
2026-07-01 00:00:00,EMEA-MM,0.15
2026-07-01 00:00:00,APAC-ENT,
2026-10-01 00:00:00,APAC-ENT,
2026-10-01 00:00:00,EMEA-ENT,
2026-10-01 00:00:00,NAMER-MM,0.4909090909090909
2026-10-01 00:00:00,NAMER-SMB,0.21428571428571427
2026-10-01 00:00:00,EMEA-MM,
2026-10-01 00:00:00,NAMER-ENT,1.425
2027-01-01 00:00:00,NAMER-SMB,
2027-01-01 00:00:00,NAMER-ENT,1.3194444444444444
2027-01-01 00:00:00,EMEA-ENT,0.3125
2027-01-01 00:00:00,EMEA-MM,0.6172839506172839
2027-01-01 00:00:00,APAC-ENT,0.5050505050505051
2027-01-01 00:00:00,NAMER-MM,0.08888888888888889
2027-04-01 00:00:00,EMEA-MM,
2027-04-01 00:00:00,NAMER-SMB,
2027-04-01 00:00:00,EMEA-ENT,
2027-04-01 00:00:00,NAMER-ENT,0.07716049382716049
2027-04-01 00:00:00,NAMER-MM,
2027-04-01 00:00:00,APAC-ENT,
2027-07-01 00:00:00,EMEA-MM,
2027-07-01 00:00:00,NAMER-ENT,0.3691319920743789
2027-07-01 00:00:00,NAMER-SMB,
2027-07-01 00:00:00,NAMER-MM,
2027-07-01 00:00:00,APAC-ENT,
2027-07-01 00:00:00,EMEA-ENT,
2027-10-01 00:00:00,NAMER-MM,
2027-10-01 00:00:00,APAC-ENT,
2027-10-01 00:00:00,NAMER-SMB,
2027-10-01 00:00:00,NAMER-ENT,
2027-10-01 00:00:00,EMEA-MM,
2027-10-01 00:00:00,EMEA-ENT,
